rank,name,solved,recent
49,cfranck,161,0
5,allenjeon,316,0
1,(jaehyunp),583,1
397,(kinetc),51,2
12,muse,240,5
244,dreamsboat,69,5
88,daegeon,122,7
42,alexum,171,10
347,mohenjo,56,12
39,skim0119,177,15
255,jihunroh-python,68,23
76,Sait2000,130,25
4,shinminseon,330,29
125,(dalgu),99,34
124,(kparkeuler),100,35
266,(ikisis),67,41
396,Yearning,51,41
360,(yyc9268),54,42
218,delfino4,72,51
47,jh05013,162,59
6,sungmin817,311,67
93,J.H.M.,117,71
35,bumsook,186,96
8,emppu,262,100
192,birmjin.in,77,110
353,(raifthenerd),55,110
243,wandookong,69,116
296,jacealan,63,119
372,16spark1,53,125
85,dareun.geum,124,135
242,rmsrk33,69,140
32,svchost.exe,193,148
36,veshboo,184,155
133,friend1226,96,157
310,hiparkgss,61,159
96,kyduke,114,163
146,nineclue,88,165
132,helicity,96,170
160,key262yek,85,173
21,zlzmsrhak,209,179
282,deity,65,187
346,qwe6580,56,190
207,(gs13057),74,191
281,nonblock,65,196
288,sherhy,64,212
326,zephyr9,59,221
95,(Byungwoo.Jeon),116,223
108,hongsch1,107,231
287,eltmzhsj,64,232
395,freewild,51,245
202,YunGoon,75,250
60,hillcanon,149,254
56,Frizzle,157,256
227,aeromind,71,257
55,zhuny,157,270
129,younghan,97,272
119,whitehwarang,102,276
359,bits_and_scraps,54,277
18,Doju,220,281
27,changrak,201,286
112,ntalbs,106,293
15,Bubbler,232,298
177,About-Blank,80,307
116,keugbang,104,334
168,flagj,83,334
358,(tjyoo73),54,335
105,astein,108,336
191,ch81.song,77,336
305,boyboyhoo,62,340
321,ssico7,60,342
320,lasher247,60,349
381,viciousagent86,52,354
334,(jaehaaheaj),57,379
135,dotorya,95,399
156,(hodduc),86,400
16,kanie,230,422
217,ssangkong,72,425
280,espring,65,433
159,chattee,85,435
46,Unused,164,442
14,noxnia,234,468
23,petdrow,206,472
241,dincal,69,479
71,HeeM,132,482
137,hwijung,94,492
74,colorized,131,492
216,Corea,72,504
31,eyTns,193,521
319,tyamazaki,60,542
318,fanoyong,60,545
66,kyumyonglee,140,547
345,luxewiz,56,549
286,kreateark,64,566
65,larez,140,568
139,king--kong,91,585
210,xoguslwkd,73,588
265,thebarbershop,67,593
104,Ainodyne,109,595
295,(ZTZEROS),63,598
304,jw.jung,62,609
294,Veckal,63,620
24,(lakshimi),205,627
254,(nersery),68,637
253,(hsm6911),68,646
111,4135667,106,667
226,proburner,71,671
215,NewPython,72,674
84,go_to_dmc,125,691
303,aviness,62,692
58,(j1wan),153,694
302,runnie0427,62,701
380,thumb,52,710
29,jjhangu2,199,715
75,(sy0414),130,722
394,hjl1595,51,730
252,eminency,68,733
59,Jungkeun,152,744
17,Baekjoon,228,748
225,seul,71,755
393,john-scarlet,51,769
64,tjfktj,141,779
114,(pse1202),105,797
285,(yeori),64,805
206,(bbaa1155),74,814
240,Peacemiki,69,814
7,(ssk),307,824
239,Ephemera,69,839
86,daewonyoon,123,841
131,sangpaz,96,869
232,naldo,70,870
190,Shongky,77,873
153,thechaos16,87,874
3,ainu7,330,881
317,zxcxz7,60,884
279,cguy2000,65,907
301,arcadia88,62,938
176,bdares,80,947
181,jeonbyungwoo,79,947
274,greatstone,66,952
392,(jins02),51,959
214,aleph0,72,961
293,jooyunghan,63,977
379,yangjy0113,52,981
52,kimrip,158,984
167,puella1204,83,994
166,(eulpine),83,1003
201,박상건,75,1004
57,dalpaeng2,156,1004
224,tapiko,71,1018
118,bosscq,102,1021
238,milkiss,69,1024
68,(juncoder),134,1029
34,(mecatos95d),188,1031
205,kunbam09,74,1035
378,(albert_park),52,1039
371,AmorEtSpero,53,1041
391,ybjeon01,51,1047
163,Hydrogen,84,1052
273,hylee,66,1056
103,Abalcon,110,1058
77,bam8695,129,1059
189,ironlung,77,1078
213,hnjang810,72,1083
184,(JohnSeo),78,1086
54,pjsdream,157,1094
51,yongwhan,160,1115
309,JongMan,61,1123
370,hyunhwan,53,1131
377,yoloseem,52,1131
134,(123harim),95,1142
278,bookman01,65,1145
272,irisagfe,66,1167
316,optatum,60,1173
352,yimjy1996,55,1175
102,insikk,110,1183
325,protos37,59,1185
107,PhoBiA,107,1186
369,etoilebleu06,53,1227
330,(tintin5108),58,1231
292,wsh0509,63,1242
10,kcm1700,257,1248
19,ipkn,218,1259
81,kazel,127,1260
251,philmasterplus,68,1268
43,Breakun,170,1279
231,dpp5411,70,1280
351,(DarkAngel),55,1295
344,(lkkpou),56,1298
250,caooeep,68,1299
368,rhs0266,53,1318
223,jykim,71,1330
284,cramade,64,1331
101,tpzcln,110,1333
350,yeonseung.kim,55,1333
329,hakenstock,58,1337
67,ychoi100,137,1374
230,jupiter7,70,1386
13,JiminP,238,1388
315,coprime,60,1401
44,lem,165,1402
249,JAYS,68,1408
28,00,199,1415
9,(sunleonid),261,1481
328,(mighty93),58,1485
188,seaguy,77,1486
300,swchoi06,62,1489
308,i274,61,1497
291,kchhero,63,1504
100,neurome,110,1510
248,hacysean,68,1511
113,panda,105,1514
152,sanhalee,87,1520
73,hij8765,131,1528
115,ehooizlo,104,1532
155,gs13068,86,1534
390,greentec,51,1550
264,heemin32,67,1551
128,kiyohwan,97,1554
170,(ksthiv),82,1556
2,hongraejo,412,1563
200,ltdtl,75,1564
143,skxmremd,89,1577
37,udaque,181,1579
389,glastonbury,51,1579
314,bst1206,60,1592
151,wonyoung,87,1597
277,yxp30,65,1598
388,eva0071,51,1598
199,solmonk,75,1599
263,ibato,67,1615
343,(rynn5419),56,1616
70,yadi0119,132,1625
271,StarNK,66,1632
162,sjnam,84,1644
299,(kismp123),62,1645
222,shwlinux,71,1652
367,yunskim,53,1670
387,(spyrogira256),51,1673
20,communia,210,1679
187,sukjoony,77,1680
161,wonsik,84,1704
237,steloflute,69,1712
11,thkang,243,1728
236,pomtech,69,1739
262,(soharu1024),67,1746
324,MagicalOrb,59,1747
386,sven_,51,1752
333,siscos,57,1753
283,Eclipse412,64,1764
174,EffectiveService,81,1772
83,frigen,125,1774
290,sukwoo49,63,1781
261,ideale,67,1789
332,jhyun95,57,1795
366,ruunak,53,1801
349,indrazit,55,1810
212,trif,72,1819
323,brp-matlab,59,1819
247,byturn,68,1827
186,(sungjinlee),77,1828
169,dhkim16,82,1835
173,milkskin,81,1840
41,p.istrati,176,1841
385,boldragon,51,1848
235,mnbv,69,1872
38,(wooyekim),178,1897
246,uzhao,68,1906
175,woongy,80,1925
209,dkim90,73,1932
63,veblush,141,1940
141,epjs0126,90,1951
138,desti,93,1974
198,littlechun4,75,1988
197,bingoo,75,1998
110,cdg720,106,1999
342,m.Shin,56,2002
196,songsungkyun,75,2003
270,(lemonkr),66,2003
260,gnitemouse,67,2007
269,combacsa,66,2007
289,krieiter,63,2009
140,struessel,90,2027
298,comkiwer,62,2027
365,yielding,53,2033
90,(chiwook),118,2035
99,yangbak,111,2046
384,singleheart,51,2048
221,perryrage,71,2054
94,EnDorphin,116,2057
127,(ensual),98,2065
120,libe,101,2067
268,flaugh,66,2112
92,sutekine,117,2124
234,sonsworld,69,2159
259,blue9057,67,2185
79,gsm291,128,2194
145,laputan,88,2213
126,ewmkkpe,98,2217
109,xenosoz,106,2223
144,techshare,88,2225
341,asimov79,56,2225
89,(kth3321),121,2259
183,doodoori2,78,2278
78,hoo,128,2278
297,calvados,62,2303
185,seongjaelee,77,2313
180,souldreamer,79,2315
195,nateburchell,75,2326
22,Iris_harp,208,2329
364,Mastojun,53,2336
363,seoleda,53,2347
340,akmakk,56,2376
327,Holics,58,2380
339,zidarn,56,2382
87,lifthrasiir,122,2409
258,(posithinks),67,2413
136,rai,94,2416
357,Clatue,54,2421
276,gs10107,65,2425
150,junwhan,87,2440
123,nullstein,100,2451
179,inzilion,79,2460
45,ddaker,164,2479
338,ruwin126,56,2483
204,vamf12,74,2525
356,hongjun7,54,2532
26,l10veu,202,2537
313,boredashell99,60,2548
72,kgw0507,131,2564
193,raymundo,76,2582
117,dlimpid,103,2601
80,sehee382,127,2610
172,hck5209,81,2672
203,zartoven,74,2673
322,totworld,59,2678
312,TaeYoung,60,2681
383,sinjimua,51,2682
122,sim0629,100,2699
50,gok01172,160,2702
220,motoko,71,2707
25,sharb,204,2759
382,john3374,51,2782
165,kaisyu,83,2809
164,(wichgreen),83,2831
208,insany,73,2849
400,Informatica_Kim,50,2859
62,absenty,142,2876
376,deisys,52,2893
362,dbcat,53,2897
69,Kyoseon,133,2908
91,kheled,117,2923
182,kjk850,78,2928
337,yojo1000,56,2934
229,newshake,70,2942
40,optimizerjerry,176,2946
98,falsetru,111,2946
219,drh,71,2956
267,ILyoan,66,2990
257,fort726,67,2991
48,Teferi,161,2996
336,wildartist,56,3002
399,wmftsa,50,3018
149,purluno,87,3019
233,changhoon,69,3020
194,hothead,75,3022
335,greatkes,56,3037
361,samerook,53,3040
53,choyb,157,3046
355,shurain,54,3053
331,unbing,57,3092
148,marocchino,87,3094
154,KAKaMK,86,3104
106,teddywith,107,3111
178,danox,79,3118
307,oky,61,3145
61,kjw0612,147,3146
275,laytotayl,65,3171
375,codejack,52,3177
97,DG,112,3177
171,T.Eom,81,3232
374,ejholic,52,3261
130,KimHoSik,96,3282
354,shuvh,54,3288
158,kivol,85,3289
82,rein01,125,3300
147,pkim,87,3333
373,dish,52,3333
33,uws8505,189,3337
348,kang249,55,3375
256,Chulho-Song,67,3391
211,Oscillator,72,3403
157,chokobole,85,3407
228,ntopia,70,3454
30,stenhammar,193,3463
142,hitel00000,89,3541
121,joinsung,100,3662
245,sirgrey,68,3667
306,legend12,61,3849
398,RisingCrow,50,4067
